username,password,account
宗,xdDeozil,cMV9WrmK
荀,t1A10lYk,y3s1UywQ
關,DvZJOeta,bVscy48v
慎,C094cDKi,ehDXVGcx
左丘,QsQyOcq9,R0aytdtk
伍,CtmKwQnW,UuCQrw3N
晏,uSd3a51L,bDTmeBHF
傅,TfB6Y2bX,Xf7QrrOt
仲孫,ESxiRKdS,HE1xZ1sI
翁,8ntzMWht,SzJMvN1r
榮,MU4QXp9f,zgq3rxpL
牟,BGpo4PwK,jk6crF7Q
殳,BPvbnQTT,npTEr1LY
冉,j7xdpNAb,PcppIH5g
皇甫,Euve1MtH,KbilORb3
範,2JJNLdad,i8oOHjvv
祁,GwwEdBJ8,zo5uVfLe
步,nUvTGVuX,PRU3Fwfh
古,NhRs1nKT,MjxEQpbS
靳,6mx0tPOm,QuLpbayt
童,n2lsTegq,B9NnjDAz
赫連,mxCQ5yqq,IBmF6tSM
邴,Y7mtAOIc,HIa4QOVA
費,LClTErUb,GSOO4vu6
微生,zcRlzoHL,P2k2HDbs
汪,DqfX5vRy,MkSFAdcl
楊,esBehTZe,q8G0xw9F
常,WYHP8lIN,dwIqosck
邴,0S6oMwfw,tdK2ZBav
應,901VFtLE,f065iuKX
蔡,XNFM3tDK,RGU4A4AU
宮,14zwtaNq,mEWwV8AG
段,Kctncmhf,C2plgb30
瞿,CgODjyib,YQumG7Y8
舒,qHVwAgcw,PhTlMYsm
樊,1cxNjCjT,CSLBpUlC
祿,WbtHoTmL,yxcrQBme
宇文,oSVEY06J,GLpYSZ76
趙,k2BhxsAK,t5Nw7ulo
奚,7VNElscm,TBSoLdqY
樊,qaRoBpKJ,YiZbpEU0
蕭,66s95IPD,lCnzXALj
龍,i5U2cFF0,D5x6LEEa
韶,WS7yjgt8,pM0LoPLD
駱,XTlBxyZv,EhM1RDLK
闕,kDwdOD6b,EUwE4AxQ
空,nj8S0pwS,ZzFlArSR
褚,bbnQPMzX,I9DtblNM
鞏,hgCoYbYr,GRn9q3Ma
龐,L0KVlJNb,GuoweGPc
公孫,bs6T3O8g,stZ7bNvQ
芮,SxlpZVbs,oIW4al7L
周,CzaJFI5n,vsjfoga7
車,sXItmo05,E50VTJBQ
蔣,t2NjQtmi,T1vAxSRX
蔚,mFEr34TO,oFX9h9hs
殷,3IQZSmRZ,QT57WyHf
賀,BBFWrWWH,a9QSzHho
宇文,0o5zgIQO,pRPuctR3
張,yjryEtcB,n9GCrVcd
遊,qNRtf6uO,BzbpK8D8
楚,n82qRCD9,q92f4XVM
梅,XRMx3v8w,U2RxnNsy
蔔,N12SkKid,mEDRzasS
左,4xhEgcej,qvHmYogc
秦,oMiQk1SP,k6ZubpxM
海,DBYzVJwQ,csqbRfjX
梁,A0YtnoG4,oH50u5B3
柴,ZfGj9EiW,OsYuWvp3
聞人,WRLGIFrd,tVPQ0XP6
伯,WVf9I08e,PGZMVJ5y
巢,h1B61r6C,D4iqiGyc
滿,4xYmqaSA,VUgWfFdS
姬,lnsLhaSH,lk9oiqri
滿,FuvSYWTl,lU7BCriY
愛,1qGEakiZ,Jed38GuV
平,uHzDybyE,AtByS9Vt
宗,DQe3wnIL,LDA5Yejq
司徒,RIKguJBv,pwkVgw0j
淩,BWEyfBzv,NYqQ2Gll
賴,jCdpD4Om,dkYJk7nd
蔣,lcH8FjLv,jlBhmIum
段,bP8XwF4j,z0B3MQsz
權,iWUxK0tT,BQdnqK4L
虞,mvoJZL89,MEpo7nYZ
閻,7hyRFbjX,Mk2k2jnK
梅,SUduyq9d,AoDkJ5ps
盧,1eMgAsSc,yx0oLAFI
岑,YfCyOkTb,PA48uD4M
卓,UlIRZI8D,Vb9lLsfy
屠,5YrSgtKq,Qr6t4zl1
鄭,6ohHshUG,SsTMwBwf
龔,ocVUGZ6l,JG8a7yJR
安,d5BXT1sL,S0tcZd1E
柳,DDOiDAcM,aM82MT8Y
黎,MDYZ7me8,nEfQ6x5J
鄢,J6koglFn,CePmi1A3
陰,VJGEjGSU,UA2dV6bo
公良,k8ORn13N,b10at3jI
居,Tcngkyra,kN0p6f6L
郗,NcL6SFWQ,e2RNgiOM
鮑,3CSjq9Ve,dNDJY4HX
庾,pNmuuUHZ,AWh3exN0
紀,jjbXF9if,t8MEj5KM
權,xhOR2xjU,bhZAJyyH
嵇,hR9FKFS6,bRdV8ZFT
莫,HVmKgu30,aiHzkgNQ
艾,cDNMtnRr,QryJ20DI
連,Tduz2Fk3,GYlsPLyX
車,kwaO1jbj,oXT96p55
安,cVQXnwbh,mpH5AkV0
羅,ciSAq2NP,a5tY9hIy
邰,PnGbm2YF,hEL8j9ed
公西,XNYunAWL,rNwO4Z8o
鄂,Lb534ghr,lYmHnBuX
左,MtESTdzT,OOCLCwvf
祿,ypcMt55w,FRAciG25
幹,3VZayd7D,GzKChUEG
拓跋,zV8R2R17,PUhfDAum
後,Ij7Fulnn,gQrAgd6V
於,L1JX9er2,bnS1RQUc
毛,bDE3flVa,rtwIq20o
晁,R0j5XxJK,baS1lZ7c
宓,pMYG8KDb,zM63O0oL
藺,m9aJ1Frz,Kd0sdHFF
孔,jREeC8RI,qFS10Kfm
顏,6tbLMyOE,bYV6M9Mr
畢,wADwg4VN,ZHtz8O22
那,ULir4aPv,Iimcldl5
高,0OKlOEyF,ZG47yECc
金,D8nmSBVT,eLvpGvWR
榮,l4GcE3XD,S164Y4ok
通,OLYodoab,Af9G8tRO
文,BZeDCYSl,bJgMqQ6S
艾,Hc6iLChJ,yp45fz4p
勾,BftHg4QX,lfOvQJiY
陽,5SWhHeIN,sYoOTDm4
沈,30KFnZD6,v2dfCPbn
龔,KrpiI4aS,B1fxamUO
郭,SDtYYe8N,mgBgRlcr
方,OPGtuoD6,TGwL67CZ
華,Vf0eObhd,AGqJ24Sf
養,DG0VOSa2,riJYkCsE
陳,sDtO4ZEj,vK6BUPoX
國,mHhdTko0,rD6N90ht
班,v9VM52rN,upbd6af4
田,BMN4jtro,P41VZQQl
司,27maBrGj,mC7Fpgz7
梅,fkamU7ua,Zpg33CIr
申,EldpRvrS,ckaU5bYn
淳於,l5rO1Mqu,rUpiE4W9
黃,v6iwJb6X,vT4P1jPU
明,y8YkB0sc,i5dslNuL
沈,nHQ2OaHh,dg8KfNSv
鈕,K3dQ8801,aMKB8V8N
塗,Pl2vIOLW,shCDyXQb
公冶,cy2kDGZ1,fAtltOwG
詹,hWNeAnSL,PSPdjfqU
姬,YBMr4fYW,yMmF0gTe
閭丘,P2LP8U3I,pYPCNpMa
鈕,IqgcC8C0,Bgz5FSWx
汝,XfDyG7aM,annmaagn
艾,2yD8S7Cn,GISyA3tY
曹,muX1sRG0,Cx50qSgM
鐘離,VJy3rxkV,jHmW9DAM
督,FoxVOVdL,OdOOzBYW
任,BKiQuU88,qlGdYJFg
麻,7X3PWTaH,w5UXsKah
侯,18xNNtJL,JkfydEI5
宰父,G5S3DjgK,Ac8U8JbK
於,vo4wyK0T,KIMqGVZe
廉,Fl4u9baN,ks53smnH
邊,vdRnthlL,JvotfIBh
薛,kByGClFL,mDfLJQjE
通,o1KxiBLR,x7qkRns0
欒,L4Fnq0iV,XLyzYdYo
戈,Ql00EPbH,hDHtaez1
桑,ZxCH5S4t,DufguWFb
闕,9vKuGZhj,DAKZntgg
芮,fUwz6ayE,TjWD2sAj
虞,v0q7m3zH,FDuhzFUJ
冷,XdQzUUyw,h7Me2K6t
井,eWeCRXyq,ZTNfFfAW
史,sV97ShBu,v4bpp1Bj
葉,9f61Kjon,yVXWgdTH
卞,MZzb8nBh,jYZ3nYKo
翟,8xBJNt17,uieNODTE
鄒,jkSSwgjP,eNIYbwj9
和,WcPzuygr,sPA9X2DI
樂正,D6g1T67W,zK9QRDQh
蔣,qd9Q4xse,DdoeEQe0
那,Nuo136ur,eOZH1Tz2
巴,5QAuWNxw,xMNaXhmM
談,EDF6ZuaD,Z016lyXV
虞,bmSlaqhr,IwqQN1ET
魯,5ThtrfLW,RwISRYLW
榮,xUHJAWUp,kkegcXCV
刁,CTu2ibIk,iyfWYxOr
史,NbArBQtQ,nc1nWnzL
暴,bfdJ4LiC,h3T8xBds
吉,NWffgGPW,Fq8AwkZ5
雷,U0PGobaR,PD0QSzjP
幹,fp5KK3Y4,R0GmqHLe
伏,esfClSdz,w23ZB7XB
樊,6t17tJUK,LT7SB0ZN
邱,USIcjv36,CUFC0Hxs
宗,UoLHzUA2,TGWwdVrM
徐,7KIv89F3,zVgh3DZ7
空,wrR0z3DQ,w75OwQ2m
虞,peWzqS5O,Y5gZmBSm
顧,vC8nC6uE,Xrg6Vn2u
蔔,VV7zMBe0,kc12w9cC
宗,qIwO6Jsw,opZ8J8UL
龔,NhSwj0QL,WhKyIKou
康,JIS5rW4p,VntltFPF
厲,ziChgKy5,TcBs43CL
閭丘,YL3K2H4j,pB8OrJ2A
呼延,Ve90Q7yM,lPt9GCpg
聶,ixP28Jyt,FTDKotj3
仇,CcEX6Y1r,J8pPgRls
端木,2DuCVISD,KOVBBU5s
有,RzTOnNAR,wo7MEL78
林,hler5jWM,Qft0srAW
史,GVcSiQuw,NJXCxT2j
莫,WLWHeQUU,UhT0nuA4
司寇,tcrb6fY2,YI34FSxD
歐,Sxq9Xwv4,TIzw9lvz
施,AhS6NInf,ZjcSj0F2
仲孫,GjAxtNQy,eAPpdgHX
項,S9G8iWKC,kkzvXoLk
宇文,JtlL8ILp,Hh80ykk4
喬,LBRO74Mc,tLFKIrIf
席,7tvhiOuV,eBjNmS5l
樊,mtcU5yb7,wObRo1nc
蒼,EmCyYVkq,evCMcvue
黎,ruWIKtIw,jltCdsg9
夏侯,vXprXueh,yEGjhkjo
石,tkwuR11q,tjNpOFkN
唐,FJDHJCD3,qRZgMNOP
傅,oNOPo4px,uqmf3iIs
況,9BzKe79o,Yktw8BHZ
甘,Qwry4xoK,bQ31vzMV
姚,t4LjpHI7,a5UuwMHV
翟,TgL0ZH76,sLjFIdGI
單于,4jyiCPZ4,aygNIbx7
封,AlC189UN,BWu4M0Ig
尹,Cf7M95ji,Huz2KS3H
尚,UXXcTADD,caHh3WhL
滿,6SSkDzMH,BiIwtV4M
亢,FiVZvqqJ,mEr8geJw
經,DZ8XrOx1,ld0w3A0U
郝,SLpAuCbk,i9R0IuW0
薛,6kG1OFnD,hkScy7Yu
孫,hNe3qQIs,lbPiYvMJ
趙,XVCC7yUw,f0eRTaM1
蓋,6N9X7vpp,OMOEfaNH
尤,2UsGK2yk,qMhsruff
堵,szNbz0co,sXDMYFLn
閻,d3PQZye2,Xh5J9DlY
軒轅,M7VeoOAM,TNFtTciU
桓,OXpgwqeq,eVgwPLJh
查,7uvOYUpR,TnsDHpOy
孫,JEPx98wp,rFfI9h4e
習,ffJoVAG3,Ely8Dkdl
皇甫,G5elsZ1L,zA2sZQ7V
邴,pVeGJIpX,LkcNkoqt
端木,QqlSsJ2b,J5BYnUq0
連,bOuknz7y,uONC78PX
羊,mmm1rYTl,kdv526J3
蔚,i5aWmH6K,KvvizXwh
安,ae5e47cw,KE16jOgt
蘇,4933I12P,lV81lP61
牧,PTMHREpT,wc9qJtg5
童,sKuCwRvm,NX9wUPSt
耿,Fb7qjsEP,IoiNXT13
墨,t9D0f07d,FgefJunt
衛,DfYzJDWx,sMWKAd3f
郎,qnRJPnE4,UxoGbQNZ
解,Z7WWVxhA,WyUGl0xb
奚,rMuFwvyS,RLAK7D3h
明,lpEZKbhi,vokNCyQ1
竺,iocKF7Tj,jAkMgkv4
宰,jwMogLao,BR7qDzIl
卓,06VbVWQT,vPXZIJjR
愛,2tVKqPvz,MzXvXozj
冉,iLik6Hr5,TB8yPoHd
巫,rNnF7gO6,Qhpb98E7
歸,PSJsCp4E,wPDgav0E
易,5ZxOQh9a,GCMMkZ3y
尹,aTTQiyuD,JGtA2tz9
宗,tZHIeO5Y,UnSuHjaL
詹,xzM7Cqhz,zVhMgkBh
費,ZWes3rCC,T1VTC9IT
公冶,bNf5iTwV,jayveAu9
陽,2Y3GJ4nh,K3ETSsGT
農,v09SpjA7,dZzdubuD
餘,ypUyHOKa,fQJ3alci
楊,lyDqKoiy,gpXSE8Mk
桓,v1a0cgKy,zBFfXW9K
後,wxr2YgcM,vh4MCg6d
郝,9MEjkTVy,R97RBNmW
公羊,14Ww4RS0,Jc3El7YT
荊,8DPshh1p,zXR8M0xZ
吳,vOue9KKH,LJFPrlSq
詹,3TXje2cO,Kvmg1DJt
終,o5fuezqI,hhPyHj6x
師,jUmuuCXe,FoDCepOT
耿,eNn94Tth,WxfHuQ9g
金,fAOJlhJ4,BFmmGw6B
紀,7xHicC7a,LeoJ0rVc
郜,luwvhev3,Xyzk3ZuO
邰,cPRQw7Z8,XQV3U3sq
萬,2VD4mFDS,bPH5u7w8
邢,cYkNV1p4,kGRZEntB
郗,CCK9fmSI,Zazxr4h7
夏侯,wFRK3zAi,C6tMirer
龐,6cf3DCUE,zy4oXKkL
明,aKVh9QcA,JFvLjDlH
姬,gH6RIrRU,kbiwAFg6
羊,VwRoZ1sF,DU2mMGI1
古,EEXX0wW4,Cn8wQABg
邱,DQ39oLwg,eqHOVCy5
黃,alZ9gQ3k,Wjb8l9eO
公孫,ufONozfH,SWhsXTIN
漆雕,Lwd3ZBG9,xqPeNtwB
澹台,5A8laZEo,kJlWQ7k6
闕,yRKq4I5w,BATtV9OJ
金,XqbwEGyu,Fdvbvz49
楊,KaKMhbUe,Yovg51aG
邊,8fB47GA0,miR4oVyV
巫,FUBqPEUT,Xuu2y3bl
俞,FDMuhXIM,Lntv1kjY
郭,0y3I6B03,gkh0sDcp
養,IakXplOa,W09dSL5d
蒲,jWD0hw8K,w1ASCWow
阮,JAas9ECz,VNGWMh3g
毛,MBq9J8wl,BMCQoQKF
公羊,0TwHhZRY,JDwmA094
郟,rFfN19hZ,GGURt16J
寧,awld9nOR,nRh7yf4n
逄,7Wu4FvGM,CZ28fpNc
弓,eZG6rovU,Mbql9GdT
曾,scx6hVc1,N9euUOdj
鞠,fmMm1RGz,Ot9TYB0H
黃,dG4hfXrd,hYjU1EB2
壽,hIEOVMkN,VxTYy93i
馮,Iu6QeqjM,hq9A71a1
林,zbITN5GE,ZWAVaUDt
侯,KtyGIouo,iR0B1zPa
查,2muQRHLb,nagQGAKL
雍,ChZokfdY,X78mtyZR
項,GnQpjTLW,lVyK4ecc
江,itPsQQR4,cOlGHPSC
樂正,AxUphGaj,N7ot21Cq
言,1eEBYfEr,an8WdNUI
耿,dmrclvgo,Kos0DrI8
韓,eXqP00Al,VAHh5q7A
公良,61ctmAZt,fcMBipRk
牧,cJw4jwwu,Md5pPz47
經,vGxA4kew,HomYW9Io
馬,yqtKQkDF,ohCB1hfP
蒼,GIUck1r8,We8WZdJV
蔔,U3q4BwGz,kyQqcWN8
楊,UNHsGEFo,rVUGTHzH
公孫,1sJs6OgK,BdiGqLBX
蔣,Z3PxTrmY,mCt6yJfF
百里,uFiUiQXT,OUmgnukP
麴,AhZeFDne,Wsbt1M2E
庾,isnGqtws,USDvM8PH
向,wpXtB9Yi,fKKXu2bZ
嚴,Hrh9REeg,FlDhHMIy
全,IHku96e5,ABmVXmZP
顏,uy0YbTTx,ilRSLmA0
茅,S4CFabjd,djwRKHfA
海,rHK3u48e,JWvTKwCf
豐,yPfnSWoZ,sLaeLZ6e
祁,EGqq9UF7,FCdDxQKL
李,AwvpiVMz,aXGVw9YQ
沙,LaMOdBsO,KbLutNUt
伯,PCEMn14Z,dQLcF0W4
何,J0sFqyXg,O8P3JrwV
石,8FX2cMqw,BkfVPEB5
蘇,i5HniIN8,hM3n6ASe
方,CBwWyBDT,fkbaO27f
喻,j4BeYrxi,uVDuxIfG
丁,fBm8Crim,oWUfBc78
茅,YISADTWn,ugOh5LU1
莫,7Ec4xDVX,UW06pTVR
虞,ZET5BVEX,KJfRZjVS
厲,yQpEwiu9,fOmP3dCp
曹,AmKaIkCB,KCjT9ZER
歐,vKHjalKP,HYUuDizx
伊,mlpMoV2A,Rfa5UjwV
楚,AnHMqhhx,oh8GQgN4
婁,gFT6vSZ4,kyHv1HKV
雷,IBNQxHaV,ZD405Dr1
費,Ww1EOLt7,xtILMImG
經,Ojbfc5Wc,QgTNtr69
和,EGEETLjg,oODIuoYn
戴,wER93cz0,P0w74KBi
冉,moMmV9xN,cyAKHN4D
冉,qOZYPCDZ,wXiFDNat
軒轅,xGy20pss,wahkjFBO
盛,yGMsSv4K,op7sujuY
沙,AdKTyFg8,hZNllGc7
督,XgQel3ef,VZkoyZhP
百里,Q7hh4ZJS,Xe65glID
岑,9OouAsV0,EwxC9M9W
賴,EDdLC8Jn,H6IV35dH
井,AxddCSLQ,qfmMijQI
伏,VpwlpwpN,fWcdBtCS
尹,FnSfrRi2,DQ4DzLDT
惠,7rht5rf2,rmqjMxc0
沈,qZY3Qv0F,HrorLTEd
鄒,BBsWD2tO,JL91QlWU
樂,zL75HPO0,rIhyGbNg
廖,6W7zgCke,uThso1Za
薑,mcuejpUz,sMVLQnMo
臧,9YZH5Jj5,YdXOmxAu
索,yuFZEyJR,l3wQUafa
甄,96GGSOy8,BBalMspK
米,3vAwg1QY,Yl92CpqX
湛,kuwnxax5,FFa4UGzA
豐,R8JVF1Mf,v1EvKZb0
詹,Knt4jV3K,dXHrWirc
曾,hlHqPJUF,QCCawNyp
司馬,bmGYdbtZ,f5rsOUyV
太叔,zqUAUWv1,XcZTKJnO
餘,haokv9Tk,HqgpKlxW
鐘,xofJ8xRu,EML24JlX
燕,Ldy9RhkD,XEtrG4wV
屠,VkC57tyG,kujm4UsT
高,5MvKqV5U,eEZ3G1kW
鄒,4sE0rEeh,wgcPXJFp
貢,5rUmckAf,y0Dx5Sw8
查,L1I3aFd8,x3oJPauy
石,HhBuEOvm,IMet6Cyy
公,04X2oU8g,JKS5M7sC
松,rcxyEO3D,iW5oyDG2
元,2azNld2W,Uea6Cfz8
左丘,hW0B4cuQ,SLUGvjVZ
岑,1b92AU7h,qUUZs9mG
管,iL8q8GA9,z89X4rc5
奚,75eEP1Av,O0XI4Lwm
於,dc0Smniu,Tl01rHFs
師,Y8PeXqF8,eIRYkCq7
康,v533bpZa,oSIBbAKi
帥,BOhJIhqF,l1LVoia6
伍,QzzqAK7F,dn78x6mp
車,lVIJvW0D,MCUeMLt9
牟,Y6vxqVQl,PKGkaVNe
端木,FGup086C,nibjtMfF
簡,sNJiKpio,BCaomk17
雷,nUq7WTnc,TfQvTCOi
呼延,L9LD8oqe,qzC6Nuum
甘,X6vDz2uQ,IrMvPXaK
師,pdewfEFl,BDlBNkhW
範,5yccGWrN,pQmEs1CN
閻,FVPyZhxW,jfMgyUnd
有,aqfKNB2D,L0EFNPDu
桓,q6GoBcm9,Hf8DPvEK
劉,4CVjDJts,bPhEX95G
秋,0YWJk4xS,no8HV6TE
霍,LT09d2oy,EQDe4Nk1
繆,1uhhJ0RZ,YjX0TIiy
譙,0wTez6Hv,y9HDJcYr
薄,aeLKh4bK,jfFsoplw
司徒,TaEuXoVg,On5DolHJ
班,9LVwC46J,iKuCstQU
藺,ieXb1m6K,rbLnXMcP
尚,rqgdwnHB,H4vwRCIf
梅,dNkL6XzT,kxnkWbUr
伍,8GwEJscm,AiQIwGma
伊,U5GzRhtT,CW9sE4WX
貢,SxeTTtBX,Al49afuY
蒲,KCvZNTPW,B5tW2gfL
公羊,BAo7xG4E,FqLzarXq
仇,Iaq5vX6P,VchC8WqS
鐘離,xPKHz5Ta,me7uklKe
符,Ug8mrNLi,UhPk4dLa
公羊,BqpaYjEz,IAMb5nhi
國,2RG8IFNK,mSIJvWNa
仲,Vj2OiLYL,P5kw1qDx
紅,uEkDrmjT,sKB6hzfS
麻,4q23RE8F,PyHkD7dY
燕,tJvVYi8J,r8iREFLE
權,5rd3RIEi,YHGeW5un
晏,HEvx1nyW,IiEhwmTO
甘,fCMJkJI7,parx7PrA
邴,3BVLsWhQ,FBygXmwl
晁,4sOWPphC,dAq6p8zx
杜,jAlwWrn5,jBMjNyaH
查,usRytwg1,G0siExPV
戴,C7lXM13A,TDVftsDE
符,wZJfFaO5,noxp8mG9
衡,SRLz0bXm,ngdZawPx
莫,3QIvmqJ6,rN5oaAkW
徐,Ndk5auE3,cN62Q3em
微生,o8ffSRRl,PO0qE4N6
商,NIFog9LL,ruAyCH9h
糜,gexPQQnO,EvbWgeav
毛,FwkIoTrn,tbBADXj0
桂,iPpjmoUm,GhIpaann
赫連,KSpusdiC,JBtETBZj
鄒,BLBNJ8yO,LQVSKAZD
海,A7aA50i0,mlo4OOuY
楚,KRmqoikO,NOyrpfwK
呂,OhbQVLtI,CRFhK7re
萬俟,dHZIhABC,eiswCkCE
田,uDfgZGr5,V0djyirc
全,NZpKgkFk,uVo4EU5R
年,6RglKdvf,NSKtclxp
壽,sVwBuWcd,VLvTTkxb
利,XEg6BetH,west9w93
鈕,ULokGIFO,shZunmOM
公羊,Vr3Mjrzv,WUDS5AWK
熊,JMAPwJGf,Ry7TGYQq
嵇,wclLwYYf,wTNZMZhc
牛,nCpU52Fn,lRHemOPg
邱,pmVMilf2,vh22nvDb
韓,fISbWeXi,tEZqxhzH
堵,6U3hd8eK,iqr9RsJU
朱,jgxAleBP,CPFpaA46
南門,VF06XEb7,W4PGZba9
衡,lzbqkjx0,wTqrfS85
曹,ZWFfOhRk,KeCYllht
賴,DKVTDlpC,wCAHSn75
夏,MGxWEGRq,uiJ6WY3u
餘,CA9ThGK2,XrD56V6x
從,1RpJ0Xbl,U4EW6joV
宗,2H4zyEdJ,SmvwK7NC
董,FlxDa7KN,oND3nWRZ
霍,qQJtUkqY,tbZRjoDt
帥,NQKy3BDV,Hzd5E404
督,R9dCylCY,K7MWIz6R
戴,xLIpJi9E,fR0nTWXc
聶,AG6c4iG1,FwX23WoU
盧,NtXTV2Wb,hk7FApIo
孫,Ty2trpT0,al8nNWjF
謝,aDDl5UH5,HVEhCohk
古,9uVDOm1G,szblccAC
巴,8luzy5iI,Jp7rL7gb
邱,0zp1qqxW,xDLE3H67
廖,VZDDmzuX,fKqE2ZND
宿,hs8aqiN9,Fghuatta
牧,7nCzavnO,TNnCuQPt
傅,RJDRZumG,HR65Wt9c
沈,NxqOHNYg,jupeAXl1
柏,DzfYP4MR,S087OxGw
越,K9eUHJhW,meGKYKLo
史,v8yCkCXF,x1dlckWD
秋,ZwFs0AhV,ZUcAiZSb
伯,zKR1Tx8D,xgvgMM4X
璩,SBotygo2,tMYtD1DO
關,L1gdTS3u,BVUM8kZI
令狐,2dlQeNiK,zy2bC4fH
雲,Ed4AA8FP,XU6L7F3M
潘,i6ju3T10,IQb51nYL
歐陽,I7tncJWX,OcLJswAu
賀,JKWWQRxq,lVdi1JGd
熊,kYSWbP8j,AZpixt5v
顏,nzcewh4R,Pah8XAid
伊,46KUR5O0,dj7nmqbI
公羊,8GtvPem9,RcafDhO9
譚,0jlyDo9t,BtL35mfz
宮,YisxUupn,rJKdlZah
明,mKizTogP,geoLjYNB
呂,EYlsYoYh,dfZB9KFY
明,LI4fAV9V,sR6g92dj
路,tsrmahzj,gHdBelWm
祿,fmAk8XDe,cjYAOfNh
平,eu5ivyhe,uvYRYJAU
屠,RNccLfqb,bi0PA8qu
東郭,nzV22EER,Vo0xmZEN
解,uxCk9NJ2,rTJc2Aft
童,rkJY1NVG,LMB3ICDR
塗,TlOG2b6b,cbPjpukT
韋,4DbOBtRX,rz6v6ILz
榮,4rNl5Q0w,Krg97oej
顏,K1rz80vb,Nd3eNe0z
廣,ELUEFhCE,DvHUQBm2
全,I4r4vPiN,yT7U3FPw
宰,bzOW3Wec,OasRrGQQ
竺,NalCS0TD,UUAjW97y
伍,zdB5joSr,QLFDCOLM
諸葛,Ww9xvtfb,x8rWHXam
石,cGLVpO1x,eQJmX7kl
席,NFUc2YJs,cXLJRBqR
公西,Rxams8GO,lTdvPZ01
甄,5fHA1NLU,vTCv5Xgc
鈕,fmvMF8nQ,NsHsFBcN
宰,MnwyAGaA,HhAI06Nf
澹台,sGZ8iFie,O6W5iQRO
杜,DDHgWRz8,IfoHOqMd
林,cTj6flav,uDMmxLbg
歐,8vjEvZkh,qnSaZpug
公冶,rXBl5Git,Z3i5jRAt
裘,7YXsj8IW,bXwdxR4b
喬,jErhNHVT,Aje3USHX
全,59E5SrFt,Q1lIvSFS
瞿,nNzBVJRq,FYyVUWxp
奚,SIZPsq9E,LelCsPU5
芮,MCk5B0aU,F3LcJKy6
倪,b5u3FQF3,ykrODjbD
藺,3ar7kt2L,SI1UP1Pd
段,TQXMPW3a,V8blFbOp
澹台,8HvjbNik,TT4VznRm
舒,V0qLq4fR,lkpsm9L6
伍,2UqzOwxn,lL9a3m9G
軒轅,ZuzorcpB,Ae24XwTE
李,V8gIeK3e,HwqrC7zD
商,jBZHMS1o,i2hwndBn
酈,3mtwueI0,yKwaFHc0
邵,951iPGVv,n5OOv96G
相,2BWCOQh2,y8KICm58
荀,JUdiPVVo,LocpbKw8
袁,JPH5EQLw,ssr9SFle
鄂,xk7dHnxn,QBkqJXRt
段幹,Ul65B0AX,NB46sb0F
單,veqIrDEY,k2SuKxQp
常,cRo2ePcZ,SLDCZtS0
宓,o9t8mn8d,hhy3ANiP
孔,L73CDO2d,QkyOQ67q
晁,GLJYsDEG,lteiLYqq
屠,tVu2xtMT,Fvm0jj3p
厲,zcxqiJBI,lAktoFAZ
鐘離,Ujxv0oTW,bXDuC198
廖,2Ar0sJUe,jPiD2chI
茹,bJdbxyl4,N6WEKGW3
俞,VabWU5EU,umWG8ZzN
蔡,BvOyd0lA,JXHeHDFk
榮,Og79Rja0,vJXkKlLg
譚,oDQcFphu,sarktOad
蒲,F6Ycw3uB,uFEoBtoP
海,iysEeDhZ,vDAMUpDX
榮,FPEytSWq,mfg4eV1X
荊,J9Xs2c33,FLWqMSpQ
越,jaE33vsF,JJuCu3RB
伏,nN2FbS6a,OfA1KR9P
韋,QE4ebw8K,vyeosSW2
楊,lrgGii55,uQcxBRZR
微生,yzH7qTzE,heUPSiFN
倪,88q08loz,VpKvHuPO
竇,UrcIlqk4,ADn5YE2R
舒,HpKRDZOU,rnEI7EGS
宰,PQ01pYNg,VY5Bcyug
淳於,s8GJdsZ9,Rt7CHE46
錢,96dr1SFG,khOLaYrU
鳳,GugqOle9,U7UMVh5v
浦,RlyReRqF,glcVSQDD
鄭,DvPnKJyU,Ce2v32J4
全,yQXYmMhu,WmmLu17s
陳,H1RK9lnY,xyJZao7y
譙,HelmOxe5,W4tb9nCw
諸葛,YugWUDGa,zrFCUBRu
璩,Z61zoOJQ,qYLiueDy
歐陽,nf85ken8,M3rYILmX
商,1u43jDEe,QseoztIi
塗,g0Q3tRvq,HYrOry1S
蔡,yOOV6mFA,Jwxtbg2N
錢,I6pEx2Cb,bhJAhbTi
康,IiszNtwP,VTd6SINM
詹,oHMVDXSI,IsRQoHda
戚,Nhq22Bnm,evSK0M0s
戎,pEabepd0,lvaVNdnR
商,FKOp4FgZ,l0Ur5fX3
厲,J74LxH4Z,JH0QmJOE
韶,3uen4IQ2,YWGCGlCA
單于,70YD7APT,wj6GHIfL
宣,9THmoSjM,m36PQk0s
莘,nvLWwwSG,HlADjIdL
謝,0dneSmAH,wuHv2Mnm
安,l7Wq6DuT,eAQIXU6H
寧,3UL3z03F,Dgt4xcNV
養,zMXfQZs5,UwGcK9n0
鄒,Mhb05P7x,p8LphjAv
施,U5zH6T4z,l1WoFD6I
茅,WFedVFa6,pXS0PXat
秦,G8pvQ8mt,RGW2nZ4v
顧,TK57POTd,XwQxtWM6
宗,cmYeZGJ9,TeEYCIMD
仲孫,MEbhJcgM,KExwQkqt
墨,DUSNONwB,SXQoponO
桓,tk0ItM5s,YC4BdJvq
潘,65Tsr8R1,Gsuk36hr
符,SYacjJ4x,MB820BrH
解,BTiaKYl5,wq8bpmYx
翟,XxKXTUTM,SnJQJduw
晁,tNzNLqZB,lzBqrq0y
古,VIzhxOLm,K8nfztal
竇,a9kcJ0vf,ulils68w
晁,L7YZTBDC,aZb5jgPS
滕,yaPkQYdF,lIev4jlR
單于,yQoMuhWl,GUT2qJ2K
農,h67A50oz,lceinG8q
貝,2wtzgIgH,niNG2cj9
褚,AVVWQ5YZ,cQVWUHA5
舒,aWSsXEVU,HJXEWI5Q
翟,R3cWe2P1,LM5F85lg
丌官,ldHE2mIr,XsX5IEVI
上官,RReu6MEf,sUrhhob4
席,VFofeBsp,TDJb8jEf
鞠,LlHFoeiF,vzaD696t
海,pbDl1UP2,OsvFNi0H
匡,q8lD0K7H,kc1bVvfN
蔔,i2bC8YvI,CdzqQBbP
羊,ioBFT35d,kvKetQgS
鄢,7s4HXtTe,YcmyoPE4
荀,CGGwDsOF,gdtTWFTk
尚,CAtbV05D,Sa1uCjrN
赫連,QRllnAvU,E8127Bim
蔔,lC9bKXZZ,Rf6D15Hc
甄,cIcuJZDW,GINSzSxF
陽,89jNj8Vq,GNL7cd1H
宰父,yxDFwlKg,n28YJh9x
熊,SldOovAL,FbEuY0LS
古,Zt29jfW5,ShpYs6gt
侯,fxYcRTEx,F3VLgWIo
殷,rek8BGqs,Z0njEJes
端木,AZcZJ3oE,bnCQXkeX
霍,y3mHweHE,GmQK6Bq5
甄,i1SYjcyO,XeOgrBkr
羊,ewH00Hu6,oahAwcJG
伍,7qYemNbd,LZe77kFp
裘,bAF1qS4g,TtbZnMeu
井,7s6YOeDm,Hsm4z4xU
廉,6oIm7lwT,PanAPMf3
惠,zlm010PZ,rUOgSzBU
吉,TdCbBF8n,BNSZYupg
殳,DlziPjRJ,JCa5LoLP
鐘離,wXOxap6N,VJBvjx4R
蕭,4lh78HC6,vCVcpqOp
伯,FHhf4VYh,ReyZdP4f
許,1yFuvgeS,tVPF2eaV
夏侯,MJqkMzOH,uXclMn3Q
通,lqsU5AnZ,lj33ljVx
上官,XDRGQU4G,ywYsw4Vb
路,F3DtJtLn,m45170lB
仲孫,DljohhLd,VNzqxp9J
終,US8VmXcI,cxzmDaMW
海,hvVCJvKh,BfKAIP9y
牟,k5kyNqja,M1yh0HYY
闞,QxvQzMFi,qDlBMrMf
匡,l2rzARN8,yfMWQcSb
司寇,Q7PMWMai,KQx0QfEi
茹,omIlCKsY,jrdwrdNU
從,wIQD8Ykg,bZxOMWaP
章,CfJ4pczF,FCB31WJW
昌,IX8tXboI,AudoAmax
壽,A7SyIrUZ,UdhBuigl
耿,wJAbahN1,KcHaSH36
袁,CyHKj4e8,qaIJYHM2
顏,M5PiRnRr,JPIK8Unp
龍,6DJQBsjn,jBBc18IF
刁,Gmk7ezQ3,OrFPAiQw
有,vLwY8Y4P,IGaM2aky
鬱,fDvzu1TB,I8xCm5p1
侯,OS1t1MxO,nGcE7naq
柏,9PUVPWnU,r6mdyzft
蒯,imhayv4W,NrPtyKo8
雲,PaSKx7Sa,M7rPNSMh
鈕,VJh1vHb7,jbLsHBtd
馬,o1IInsFu,XCgpqTQN
逯,qA36yFcd,QxFNYlTK
魚,JkssB5db,G3yzA6Yv
韓,L243TrrT,Gw6p9eCJ
顧,i15hv9OX,gZdP7SGI
養,kcYZyM0S,mjRZtWfn
欒,dM7wCz4a,uRfxiGIB
封,9w3z7eJQ,WtxwVzJW
魚,6ZeMjni6,o9tEIJPd
秦,5UJwk2jz,TovARoY7
施,NZWLy0SQ,Db3fOStb
龍,HliwTHgK,nybAm78e
廖,vGEQaYer,gpsThKy8
葛,g6HbeoJ4,BYX60IOS
霍,klpyWTxF,N6E03o2Y
侯,VGFlNsiB,KXnRge8C
尹,9WFDECY3,tMQBai1e
虞,xhOAMDSH,krwDvsBA
危,nE89wSB7,ttomqdUq
閻,0E8b8nHH,FOU3MD8x
伯,L6m1AJyM,Jj1Izw5c
晏,D0pqplek,ujpM9tde
俞,Kl84KbSU,sHgpT22o
貢,uHyihIMN,B4oV54o9
闕,wtmHpSas,GxWtUIGb
彭,5cNXRWyv,htSjT2mr
欒,h9u2upcb,oHDCiQsb
童,KYXnKdRY,HrrEtdZd
皇甫,YlfqUBNg,VGlW2YU4
伊,fnMhM7XW,O3w3U64i
石,CVlQoqIq,Q80dVb8M
蒯,cbrCOSO6,NkY7Kiqa
沈,cmEt4QA4,WS7iLfst
溫,iVXvO7K0,mSWvlOPo
曹,nrE3GoTo,r5sxae6P
伊,vQPYEImC,Aqq63Obv
公良,KrmV5Awn,gxTHotoU
餘,4hFjJ4PV,tgYTpjvc
吳,iB5toezQ,R29H0PP1
桓,aqC6obnQ,Mvoal4HZ
堵,tPy5Kk3O,nByTq8Pf
龐,lyeerGyC,sMkzeHku
公,GCxr5bwa,uLFBDBHf
尚,xcNArL5X,E1YGAty9
鞏,pUoeZIC7,KVMpduku
宰,UznORNFv,mSTvR9kc
全,3n1WlySU,USZoPB29
樊,X7TIw5hn,YcYcgfjd
許,w5IVMKe6,RX6n0eBw
郭,Cufqv0vR,qltKdwXP
百里,Q2jFcKr8,wcxe1zaC
古,d3azB7Vp,RdkJkgTZ
索,llZR9AfR,wduDEjso
莘,NfqAbMXU,BK70kzpZ
婁,mJnwBBoI,k7W9yJWA
宓,AmvFSRpZ,ytvRQdNK
狄,y6rtmxV0,Skvw7KQT
廣,oUD7l580,LlFKzCeb
焦,UA8x7Jls,IEpWZyne
蒼,DI8U3vYd,WjDYaA1N
陽,usySAS61,knMtdfgZ
桂,okv0jDA7,ZMtoBCyE
公羊,7tQTYiB8,jl6PNI5k
趙,T3qhsNGX,XxJkkxkD
唐,HOmyDX4S,wxSD1GUz
司空,4EGUENhq,t6FhWhiQ
尤,iuHrTOys,h57gBArt
鄔,mfMwGDFz,zXLLkBxw
熊,a7qsXy0z,LjwR6XQy
喻,DPBmY27m,FW9U0df3
遊,da7qkyCG,L6fPINhD
邴,PnMCTmJz,aRSyJNlU
衛,GfNMOiV2,o8ZM1Eko
仲,om3BT62J,fn8oibdp
仲,V4iHWugx,blLWpJvS
譚,M55FvUFb,SlZm96Nw
毛,1X6fSQr0,Q7Yt8qDp
冉,GPBkPv3j,SA0tSULQ
宣,BmsT5ggs,zbgHCPGi
沙,pwM00Xt1,yogauy0Y
鞏,ceZ5Qco0,jIurYPR3
宣,3GXMsVCn,j6BJaVve
寇,RO5n4Jmf,xhrFVF4D
秦,g1qVJDnN,bv7ChS0n
宣,qYHhwSMC,j933NF7K
邢,cZSWnTJU,DtKRsp2r
段,3HrbCcgh,txAGP4yQ
呼延,EOBTOl6R,OloY0k2b
紀,89ZMS8xF,Fz9l2WtP
公,s3pWmANA,gDsgCNhe
澹台,QWujhpqF,Hx2nTNrV
桓,Yc6Zioq3,wKMn0iy5
曹,XqWTA9oP,NeNthDkG
杭,FpeBuw0q,TGif9BF0
衛,OuiwHiXl,LlTfSjY8
陽,LTG4kelb,sCu8UWm9
貝,t0kBCeFU,P0tzUv2Q
冀,TsMpgpnn,wM4FO15U
牧,qPXebtO0,fSxH9VS4
封,CFj1wSwO,B6Dr4HXC
赫連,97Z7gPdR,Yd0l4Wm3
洪,dq8lzksr,DbLCQNkQ
駱,1rXOId3U,EtngCKJz
耿,KmeVaWXS,wdOfAU4a
元,TItg7yek,W1ek96gG
祁,JpM7pFNR,HEZvC9CS
蕭,5XWeCBYx,JXEs89qv
溫,E0g73Ewq,ZKeTFiqZ
淩,DLSdHyoO,FewRrufv
柏,qZduDqPB,NeFTGATw
終,DIW3CXBd,qkX26Yv0
洪,8r3cVBkb,Lakp4LBb
高,bNSZObpr,fv0jG9cv
安,5wiYhqwY,H4K9QGBW
吳,OaaBjeoA,xq5iUdGE
曾,DaA7eqRn,TTpu2lmx
魏,jNZlEfnB,D1jYQgAP
勾,yWNp8MIY,N9ctT4rP
麴,x24zr6qQ,nuiTinLJ
漆雕,UauR6jtj,hnI5ZFPr
臧,uV2sFTvQ,PT00dMxp
上官,yUZ4TkXa,VCKxthbM
聶,FO6O5Fn3,xeuZDv1S
厲,SFOzjo4e,FGnVdzNs
糜,W6ROaAeC,fD3fn3GP
景,6S5Diejo,vitubOF5
童,RkBH3Yz9,tTNa8HMs
萬俟,SuC9eOnI,NKWT6wTl
祿,ci82F26N,WWDbSICm
羅,pbAI4Hfw,Nwds557Y
黨,WyCx2hhW,t0dyPsmw
易,g6A4jZAL,oBEjVnfV
蘇,Xlm6U5Vj,AZQHJ4zd
曹,m8caKGMo,OENpLUhp
傅,sqArY1hW,Q7xRedM4
浦,7SW27dh7,M6LtkuEt
冀,tKm7JAN9,VUj00K3M
步,IlU0mVO8,eg2lTdTX
段幹,e63o9qSb,B1zN520S
牧,sBpEZJXm,NftPTD0o
賀,pqFFqce7,CAE9XxyN
伊,qRF24ItK,ensNvaKO
溫,34qRwSQD,Vq8XMRtK
和,Gc3Qs0Ae,OQqry3Th
符,VncRol1a,iRa0oCbU
雍,4rVks4DG,ezocnPnA
車,XwstZ85V,Pieci3It
尤,eWqzZs5H,NE6ZTSKN
蒯,o6bAJRHA,Id7QmRZ0
班,lH77Y5Gc,SKrqVa1f
嵇,36R9q61p,y6mbykbn
鄧,IBB6GvCp,i7qkpmFT
慕容,qkkZlLk9,MWr890ck
戎,oLVBTNlg,XfVuAXeu
鮮於,brWuZlWG,vlluOF7L
史,9tFsgNRA,G8Tt8G7W
韶,pZ2Ac7TW,kyZv9HEY
任,BgggvVyt,jatdOh06
宰父,45WygyHy,qY0zEF2y
邢,CUDK1b0H,ebZ1GBRm
杭,oT63KBlF,txzEYTSp
鄧,V2j9UdNt,z9VvpKpy
仇,oJAQtjL8,UKc9z6vb
賴,kMgnVAVb,jMaNjoo9
相,lDjrIcRF,riEpNi61
廣,Mk3wGX9n,Ciy6RLkw
鄭,l0qIzYsy,bju18FD7
胡,EZ6mRE1a,UTijfeyh
鳳,4QoV3XZB,ClycQEZi
商,ApdoADUJ,fAm1iHOD
酈,Uoi7q7uU,mCCZwrjP
法,Lcrq3bXj,vgIRrXsv
農,k7dn3wXv,b90tfSz5
慎,AVbJ4PXm,OqHD9Z5H
宰父,RbttXDNI,bVDBYECU
鞠,uQy2mCpo,iXtwwcO0
宿,mWd9SNL1,v8f2aPlI
居,xDKokRAS,cHP3uuDH
堵,jG41bLxE,st4528fX
彭,rFQxZiIb,qkshnAtq
呂,8zMWioIv,SAhxSBvz
諸葛,PNKvWYp6,rFAvkGjb
公,aEguttvG,mu5ChtdL
阮,tfc28hja,LAZCezQx
蓋,yJ9jskmD,cbBzifYc
危,2WgVoc83,MXjMMiH2
宇文,2zu3v7By,xN30Bmq9
軒轅,j1jpLBZg,uiGsQMzr
譚,Ehp14udF,O6yjmu6B
葉,8hb3wDVH,jKGnYHHM
淩,UAsvqe0K,ErK2dL6B
於,Jqf3vIqD,e9fi7ttU
穀,BHCKR0Eh,E8ABVhaz
黎,qCRAQyBG,bCRTLBUH
厲,w8rVSuUM,w4JJ1NQU
邰,OnJOMl6q,OTD0uIld
陽,KJaddYxn,wMKhfFmH
錢,vXtHvX3A,V3bXO9VO
洪,l5gA73nK,Vi2KdYTM
幹,FccxOLxv,quzdILyb
孟,vyBgYtyL,jn4M2PsS
戎,vjkdBKNX,STM3CZ24
賈,jHb152Cu,B9CWoapu
祁,fD42Riak,K7YT2tBU
宿,cb1cxwyw,jQTvsbrq
殷,cjHhMzKf,IGMu1yKx
宗,f95NfehV,u64omM1g
班,L7SoPadE,UWCeUQ9E
葉,WFyLlYNP,xvukjomu
雲,6f4G585i,t6VpiYzw
相,EMj5XXqQ,fqsne3NA
吳,6zSNoSsb,FnjIxS0I
賀,5ceIe4JA,UwreEi9w
程,0Mz7wjbK,s3dHiUJH
席,SWz48fjd,PSHUTcSZ
法,DffNRGOG,GjekSuOW
康,c6z0rP7A,MOIkPoiO
都,TTEQAyQd,qAqZVxyg
冀,2yEdwjKv,BLMLt3Ol
榮,yXU1ICVr,NUhcvyX6
宋,gKfqGdFb,NBePpAc5
程,HIs6qbwU,MwoMg9fo
牟,xitdv1AO,Uzqd8avO
時,8yNmzLBe,zrVQ8Jsq
華,ntQVeprX,gN9H5yxH
符,qH7xkeQs,TSv0DCNA
岑,osA2cIC4,H0t9Eo1v
畢,ARWl0Q57,aaLb6obz
申,6fSmJfnx,YnfDyjjw
蓋,JlFOgF6b,QM5caR9L
習,0u6nlnwM,ph7dCw4N
衡,0sVvxlj7,oMQR7JpM
百里,MrdYM9Sx,d7wrCe9s
伯,sp3jrs8g,fySgo9Ug
唐,34gjpLk6,NwEopEC9
邵,Rq0p1C18,zP5PZwRo
司馬,Iami2xaC,bjjP4Ilh
田,6RLhx4Wv,pAvGY1OG
