?username,password,account
æ­?ä¿Šå?,OUCDxhkm,reynold2841
?±éƒ­äº­å?,iaod0UUw,evelyn2046
ç«?å¿—ç¶­,nsTih6u8,anthea1194
??æ·‘å?,TdSzhjrs,beatrice5940
?³å?æ·‘ç?,ssGkbBQx,nathan8449
??å¿—è?,5QlxH26g,kimberly0283
??ç­±ç?,rQjuZib2,mercedes7487
ä¾?ä½©ç?,QcdADpWe,constant8235
é¾??§æ?,bfBxJ1TH,felicity6132
????³¢,93zpXFmW,martha9021
å¾??¡è?,mYPg68SL,charlene5323
???§ç?,mPhtKKJ2,dermot8075
??ä»è±ª,kgwc9SnA,crystal4913
å¼??§è?,OOfSYvQ7,jessica4261
å®?ä¾é?,hTig7C1L,philemen0319
??å»ºæ?,XGwGbZ2e,william9432
ä¼?ç«??,byGnw401,candice9200
ç¥?å®œå?,t1e1S1YL,barbara4039
è¤???¾·,EjODOSPE,aubrey6240
ç©??‰è?,t1IWgOXb,cecilia9883
é¡?ä½©èŠ³,YrWqX8fs,graham8309
æ·?å®¶ç?,YWZekOCq,dottie4114
äº?ä¿Šå‡±,dDgOKvoN,russell2106
??ä»å?,0wDymFns,godfrey2709
å¾?å­Ÿå?,muf9iFWc,jeffrey2986
???‰å©·,4kFuVjDS,clifford5864
ç«?å©‰ç?,VHbjhpl4,nellie3305
æ»?å½¥å»·,M3Mu7P8j,wilfred4174
åµ?? æ?,rgruM0Vc,jasper8006
ä»??‰ç?,7GJR8UB4,morris9160
é»?å®‰å¦®,INcac5tf,jemima3687
???¡å?,gyUaqzm2,alfred5992
??æ¼¢å?,NDZOQeSO,howard0405
??æ¬?¨º,joxBOIuz,millie7496
ç§?ä½³éŸ³,hnOuwNWJ,justin6997
???²ç¶­,15LloABA,barnaby4946
??éº—å?,N7i2GsV6,raphael4178
å¾?å¿—é?,JoAidpC9,jeremy0687
???²æ?,udCYj484,morgan3857
å¹?å®ä?,LX1STzRh,robbie7479
??ä»²è±ª,DOFcRFcS,dennis3376
???è«º,8aHgIYzO,reynold3263
ç±?ä¿¡å?,53S5PQEi,trudie8052
???§è?,q5UT8Ymq,jeanie6269
???å?,b2XWWqHB,robbie0268
å¯?æ¬??,NjSv2rlb,margaret0649
???²é?,OFPl20uD,louise8263
???®ç?,8njx43mr,elaine9870
é»?å»ºä?,qW4nToJN,gloria0482
???é›¯,r76vbjBm,denise0514
æ²??ç?,VHMyQTmJ,cecily6239
é½??¿æ†²,petdyXEs,angelica6111
???³ç?,gzPODPEn,alexis9998
??ä½³è‡»,PZNQAxTH,leslie4798
æ®?? çª,7CxJfUGi,jeffrey7726
æ­?å¿—å¼·,2o8rh88I,dottie2831
??ç­±æ¶µ,pXI6puuC,angela8276
???‡æ?,sL9Eswbu,susanna6211
?¬å­«?‰å?,PAi7S3ai,aspasia7024
???è±ª,nwA1JO0x,jemima2810
å·??‰å?,vPbtbRuR,frankie7439
å¼??‡ç¥¥,9WgC11nz,patricia8537
å¸??å?,RsG4HOcs,bartholomew8252
å±??§ç²,tiEaOQYA,florrie1370
å®?å©?,j2Yr4NIL,georgie0841
å¶??æ¶µ,HA64WfZA,allson0329
ä¼??æ¬£,DyRVOF7z,duncan4056
ç¾?? å?,0pMFnuge,rachel3920
å­?å§¿å¦¤,5StRvmGJ,osmond7177
?¸ç©º?¸è³¢,5vaDWrWj,mattew1608
?®ä?ç­±ç?,xPgpueZK,miriam0921
???¿å‹³,IPvWxHD5,graeme8755
æ¾¹å°?‰èŠ³,10p2yRSv,frieda3768
??ä½³çª,8LYQ3Uss,charlene2400
ä¸?ä½©ä¼¶,RxqCISkK,kirsten7332
??å®œç?,n0ouRk1n,alexis7067
???²è?,YiGe6zmV,douglas2207
??ä¿¡è‰¯,NOxdInZV,veronica9740
??? æ?,6nLgqWjk,morris4088
??ä¿Šæ°,bwpWsGcI,gerard2978
ç¾??¡æ…§,68t86re8,walter5726
æ¨?? æ?,bCmG6evi,dexter8806
???‰å®¹,wigelB7k,priscilla9627
ç±??…è?,NnnsG5gP,persis4343
é¤??´é?,1WbwEdiJ,gordon7832
æ®µå¹¹?±ç?,epocdoAz,stephanie6045
???±å“²,uyPRS4sV,christian7434
æ½?æ¬??,K3h4Q55o,alistair3551
é®?å®œè?,IY4cZVri,horace1473
???ç?,wVOuCBOx,martha4704
??? è?,wy6fgEvN,monica1741
è»’è?å¿ƒæ?,y0A1P3gO,frankie6277
é­??…ç´,NbzWGAh9,frances5843
å·¦ä?ç¾å?,iGsuAga6,melanie2518
????,yTKeRfSo,rosalyn8252
???ç?,9W14f0Fy,corinna3396
å¶?å£«è?,QJ8Ewrwk,hilary2704
??å®¶å?,SUhDWrQu,eugenia8502
æ·³æ–¼å®ä?,R9GJHeXR,stella2562
??å®å?,5FP7OvM1,germaine9239
